Document,Table,Topic,Primary capability / role,Outcome / level,Constraints / dependencies / cost,Action / implementation note
Google Cloud Credits,Service inventory,Serverless compute - Cloud Run,Primary API + webhook receiver + UI backend + event handlers; scale-to-zero ideal for bursty operations,Service,"Request-based free tier includes 2M requests, 180k vCPU-seconds, 360k GiB-seconds per month (billing-account scoped), then billed per vCPU-second / GiB-second and per million requests.",
Google Cloud Credits,Service inventory,Functions - Cloud Functions (Cloud Run functions),"Lightweight glue code: webhook endpoints, Pub/Sub handlers, scheduled jobs",Service,"Use for “small, single-purpose” handlers; costs align closely with Cloud Run request-based pricing patterns.",
Google Cloud Credits,Service inventory,Orchestration - Workflows,Orchestrate multi-step processes (order -> calendar -> tasks -> email -> invoice); durable retries & error handling,Service,"Always-free: 5,000 internal steps + 2,000 external HTTP calls monthly; then $0.01/1k internal steps, $0.025/1k external steps.",
Google Cloud Credits,Service inventory,Eventing - Pub/Sub,"Event bus for decoupling: order.created, invoice.sent, inventory.low",Service,"Always-free: first 10 GiB throughput per month; then throughput billed (e.g., $40/TiB in standard regions).",
Google Cloud Credits,Service inventory,Scheduling - Cloud Scheduler,"Cron-like triggers: daily inventory checks, weekly labor report, nightly sync",Service,Billed per job definition (not per execution): $0.10/job/31 days; there is a small free allowance (commonly cited as first 3 jobs/month).,
Google Cloud Credits,Service inventory,Background queue - Cloud Tasks,"Reliable retries for side effects: send emails/SMS, generate PDFs, write to external systems",Service,"First 1M operations/month free, then $0.40 per million operations (chunked).",
Google Cloud Credits,Service inventory,App platform - App Engine,Alternative to Cloud Run for some web apps; can host internal dashboards,Service,"App Engine Standard has Free Tier instance-hour allowances (e.g., daily free quotas for certain instance classes) but can be less flexible than Cloud Run for modern container workflows.",
Google Cloud Credits,Service inventory,Managed VMs - Compute Engine,"“Managed VM” approach: run a monolith, cron jobs, legacy integrations",Service,"Free tier includes one e2-micro VM plus limited disk/egress in specific US regions; beyond that, VM costs + disk + networking apply.",
Google Cloud Credits,Service inventory,Containers / microservices - GKE,"Kubernetes-based microservices, advanced networking/policies, multi-service ops",Service,Has a cluster management fee of $0.10/cluster-hour (≈$72-$73/month baseline) plus node compute/storage.,
Google Cloud Credits,Service inventory,Storage - Cloud Storage,"Store contracts, BEOs, menus, invoices, photos, logs exports",Service,Charged by storage class + operations + egress; supports bucket-level location choice and features like object versioning / lifecycle policies for cost control.,
Google Cloud Credits,Service inventory,Database (NoSQL) - Firestore,Operational system-of-record for events/orders/menus/tasks; flexible for rapid iteration,Service,"One free database; free tier includes 1 GiB storage, 50k reads/day, 20k writes/day, 10 GiB outbound/month. PITR/backups are billable features.",
Google Cloud Credits,Service inventory,Database (SQL) - Cloud SQL,"Relational back office (invoices, line items, inventory ledger) when strict SQL constraints needed",Service,"Shared-core pricing starts around $0.0105/hour for db-f1-micro (plus storage, backups, networking); PITR and automated backups available.",
Google Cloud Credits,Service inventory,Cache - Memorystore,"Cache hot data (menus, route lookups), rate-limit tokens, session store",Service,Often expensive for small budgets (example pricing shows large monthly costs even at modest sizes). Avoid unless you have clear performance need.,
Google Cloud Credits,Service inventory,Analytics - BigQuery,"Reporting: lead sources, conversion, food cost, labor %, vendor spend, delivery SLA; billing analytics",Service,BigQuery has a free tier and free operations; you can also export Cloud Billing data into BigQuery for cost governance.,
Google Cloud Credits,Service inventory,Security - IAM,"Roles, service accounts, least-privilege service-to-service auth",Service,Core to controlling who can invoke services / access data; service account best practices are explicitly documented.,
Google Cloud Credits,Service inventory,Secrets - Secret Manager,"Store API keys (CRM, vendors, SMS), DB creds, signing keys",Service,6 secret versions free; access operations charged after free tier; Cloud Run can be configured to access secrets via IAM role bindings.,
Google Cloud Credits,Service inventory,Networking - VPC,"Private networking, egress control, private service access (e.g., private DB)",Service,"VPC itself is foundational; costs typically appear via egress, NAT, load balancing, etc. Networking pricing applies during and after free trial (charged against credits in trial).",
Google Cloud Credits,Service inventory,Observability - Cloud Monitoring (Observability),"Monitoring, alerting, uptime checks, dashboards",Service,"Some Monitoring features have free allotments (e.g., 1M uptime check executions/month), then metered charges.",
Google Cloud Credits,Service inventory,Logging (related) - Cloud Logging,Operational audit trail; troubleshooting workflows and order flows,Service,"Log ingestion has a free tier commonly referenced as first 50 GiB/month, then ~$0.50/GiB ingestion; retention beyond 30 days billed at $0.01/GiB-month. Manage via exclusions/retention.",
Google Cloud Credits,Service inventory,Billing governance - Cloud Billing API + Budgets,Automate guardrails and reporting; programmatic budget notifications to Pub/Sub,Service,Budgets can trigger Pub/Sub notifications; Billing export to BigQuery supports cost analytics.,
Google Cloud Credits,Service inventory,Maps - Maps/Places/Routes APIs,"Delivery routing, geocoding venues, address validation, ETA estimates",Service,"Since March 1, 2025: pricing uses free monthly calls per SKU (Essentials commonly 10k free calls/SKU). Route compute and geocoding have explicit caps and per-1,000-event pricing.",
Google Cloud Credits,Service inventory,AI/ML - Vision API,"Receipt/photo scanning, label/OCR, basic image understanding",Service,"Free tier: 1,000 units/month; quickstarts explicitly note the free allowance.",
Google Cloud Credits,Service inventory,AI/ML - Speech-to-Text,Voice-based order capture; transcribe voicemails,Service,Free tier: 60 minutes/month.,
Google Cloud Credits,Service inventory,AI/ML - Document AI,"Parse invoices, contracts, banquet event orders (BEOs), W-9s; structured extraction",Service,Paid per processing; positioned as “try free” via credits for new customers; use sparingly unless you have volume economics.,
Google Cloud Credits,Service inventory,IoT - IoT (note: IoT Core retired),Temperature logger ingestion + alerts; cold chain compliance,Service,"IoT Core was retired Aug 16, 2023; implement IoT ingestion using generic endpoints (Cloud Run + Pub/Sub) or partner platforms.",
Google Cloud Credits,Service inventory,CI/CD (recommended) - Cloud Build + Artifact Registry + Cloud Deploy,Build/deploy Cloud Run services reliably,Service,Cloud Build has free build-minutes allowances (documented in Free Tier tables); Artifact Registry has a small free storage tier; Cloud Deploy pricing includes a free first active multi-target pipeline and $5/month for additional multi-target pipelines.,
Google Cloud Credits,Workflow mapping,"Order intake (web, email, form, CRM lead)","Start with one Cloud Run endpoint /orders that validates, writes an Order doc, and publishes order.created. A Workflows execution then creates/updates: a calendar event, prep plan, and customer confirmation email.",Triggers: Web form submit; inbound email; CRM webhook,Cloud Run (HTTP) + Firestore + Pub/Sub + Workflows,
Google Cloud Credits,Workflow mapping,Menu management,"Implement menu items as Firestore documents. For adoption, add a “Sheets sync” job (read/write via Sheets API) so the team can keep using familiar sheets during transition.",Triggers: Internal admin edits; seasonal updates,Firestore + Cloud Run admin UI; optionally Sheets as UI surface,
Google Cloud Credits,Workflow mapping,Inventory tracking,Track inventory deltas per event. Nightly job computes “projected stock” and flags low items. Export snapshots to BigQuery later for analysis (food cost trends).,Triggers: After event closeout; scheduled nightly reconciliation,Firestore + Cloud Scheduler + Cloud Run job + BigQuery (optional),
Google Cloud Credits,Workflow mapping,Procurement / shopping lists,Generate a purchase list (by vendor/category) and push to a shared Sheet; email vendors automatically with a draft PO (PDF stored in Cloud Storage). Use Cloud Tasks for retries.,Triggers: inventory.low event; weekly planning,Pub/Sub + Workflows + Cloud Tasks + Gmail/Sheets APIs,
Google Cloud Credits,Workflow mapping,Recipe scaling,"Implement a deterministic scaling service: input (recipe_id, servings, dietary constraints) -> output scaled ingredient quantities. Store results per event as an immutable “prep plan” version.",Triggers: Order final headcount changes,Cloud Run job/function + Firestore,
Google Cloud Credits,Workflow mapping,Scheduling / staffing,"Workflow maintains a canonical event schedule in Firestore, then writes “staffing needs” rows to Sheets and creates Calendar blocks for shifts. The extraction emphasizes calendar-driven planning and labor allocation pressure.",Triggers: New event confirmed; weekly labor planning,Workflows + Calendar API + Sheets API,
Google Cloud Credits,Workflow mapping,Delivery routing,"MVI: geocode/validate addresses, compute a route, store ETAs; share route link to driver. Keep within free SKU caps first (Essentials often 10k free calls).",Triggers: Delivery window set; address confirmed,Cloud Run + Routes API + (optional) Route Optimization API,
Google Cloud Credits,Workflow mapping,Customer notifications,Email is simplest and low-cost to start (Gmail API). Use Cloud Tasks for retry/backoff and idempotency keys to avoid duplicate sends. SMS can be added later via an external provider.,Triggers: Order confirmation; reminders; delivery updates,"Cloud Tasks + Gmail API; optional SMS via entity[""company"",""Twilio"",""sms platform""]",
Google Cloud Credits,Workflow mapping,Billing / invoicing,"MVI: Generate invoice PDFs, store in Cloud Storage, email via Gmail API, update payment status in Firestore. If you need relational accounting rigor, introduce Cloud SQL later; pricing starts at small shared-core rates but it’s easy to overspend if left running 24/7.",Triggers: Event completion; deposit due; balance due,Cloud Run + Firestore/Cloud SQL + Cloud Storage + Gmail API,
Google Cloud Credits,Workflow mapping,Compliance / temperature logging,"Since IoT Core is retired, ingest device telemetry via HTTPS/MQTT endpoints you operate (Cloud Run) then store in Firestore and alert on thresholds. Retain logs per policy; add exports for audits.",Triggers: Periodic sensor reads; manual checklists,Cloud Run ingestion + Pub/Sub + Firestore; IoT Core replacement approach,
Google Cloud Credits,Workflow mapping,Feedback / CRM,Record feedback responses; compute NPS-like metrics; push summary to analytics. Automate “request review” emails 24-72 hours after event completion.,Triggers: Post-event survey; review request,Cloud Run + Firestore + BigQuery + Gmail API,
Google Cloud Credits,Workflow mapping,Lead source tracking (from extraction),Store lead source and stage transitions as events for later attribution analysis. Use BigQuery for funnel reporting once volumes grow.,Triggers: New lead; deal stage changes,Cloud Run webhook + Pub/Sub + BigQuery,
Google Cloud Credits,Workflow mapping,Venue / referral relationship management (from extraction),Maintain venue/contact entities with assigned “owner” rep; scheduled reminders create tasks and emails. Optionally enrich addresses via Places/Geocoding.,Triggers: Quarterly check-ins; rep assignments,Firestore + Scheduler + Workflows + Maps Places (optional),
Google Cloud Credits,Cost model,Cloud Run,"vCPU-seconds, GiB-seconds, and requests beyond free tier",Cost driver,"Often $0 if inside free tier (2M req + 180k vCPU-sec + 360k GiB-sec). Above that, request-based billing applies.",
Google Cloud Credits,Cost model,Firestore,reads/writes/storage beyond free allowance; paid features like PITR/backups,Cost driver,Often $0 at modest scale if you stay under free daily quotas; beware that PITR/backups are billable features.,
Google Cloud Credits,Cost model,Pub/Sub,throughput beyond 10 GiB/month,Cost driver,Often $0; spikes are usually still small unless streaming large payloads.,
Google Cloud Credits,Cost model,Workflows,steps beyond free,Cost driver,"Typically pennies to a few dollars; free: 5,000 internal + 2,000 external monthly.",
Google Cloud Credits,Cost model,Cloud Tasks,operations beyond 1M/month,Cost driver,Usually $0 in early phases; first 1M operations free.,
Google Cloud Credits,Cost model,Cloud Scheduler,job definitions beyond small free allowance,Cost driver,Low single digits per month unless you create many schedules ($0.10/job/31 days).,
Google Cloud Credits,Cost model,Maps (Routes/Places/Geocoding),"per-1,000 event pricing beyond free SKU caps",Cost driver,"Often $0 initially because Essentials commonly include 10k free calls/SKU; route compute is $5 per 1,000 after free cap in Essentials.",
Google Cloud Credits,Cost model,Logging,ingestion beyond free amounts + retention beyond 30 days,Cost driver,"Can become material; first ~50 GiB/month often free, then about $0.50/GiB; retention >30 days $0.01/GiB-month.",
Google Cloud Credits,Implementation options,Serverless-first (recommended),Cloud Run + Firestore + Workflows + Pub/Sub + Tasks/Scheduler,High; add services and load without re-platforming,Pros: Lowest ops burden; scale-to-zero; aligns with bursty catering workflows; cost largely proportional to usage | Cons: Requires careful event/idempotency design; local dev patterns differ from VM-style “always on” | Est. monthly cost: $0-$75 typical if staying in free tiers and controlling logs; spikes if Maps/AI heavy,
Google Cloud Credits,Implementation options,Containerized microservices,Kubernetes (GKE) + multiple services; internal service mesh/network controls,"Very high, but only worth it when complexity/traffic justify",Pros: Strong for complex multi-service platforms; rich policy controls; standard microservice tooling | Cons: Baseline cluster fee plus nodes; higher SRE burden and tuning; usually poor fit for $300-credit MVP | Est. monthly cost: $150-$500+ depending on nodes; baseline includes $0.10/cluster-hour (~$72-$73/month) plus compute/storage,
Google Cloud Credits,Implementation options,Managed VMs,Compute Engine VM(s) running monolith + cron; optional Cloud SQL,Medium; scales but at growing ops complexity,Pros: Familiar ops model; can be cheap if using free e2-micro tier and very small workload | Cons: Patch/ops burden; scaling is manual; uptime costs when left running; risk of “accidental always-on” spend | Est. monthly cost: $0-$200 depending on VM sizing and whether you run Cloud SQL 24/7; free tier exists for e2-micro in certain regions,
Cursor Pro,Feature mapping,"Menu catalog (categories, items, bundles)","Cursor agents accelerate schema design, CRUD endpoints, UI scaffolds, tests.",Effort: M | Source: Assumed,"Production DB + backend hosting (e.g., Postgres + app server).",
Cursor Pro,Feature mapping,"Customization (add-ons, substitutions, per-item notes)","Agent-assisted data modeling (constraints), UI state, validation rules.",Effort: M-L | Source: Assumed,Rule engine in app; careful pricing calculation + idempotent checkout.,
Cursor Pro,Feature mapping,Dietary filters + allergen tagging,"Cursor helps implement tagging system, search queries, UI filters, admin tooling.",Effort: M | Source: Assumed,Data governance and operational rigor (accuracy); optional compliance workflows.,
Cursor Pro,Feature mapping,Quote flow (request-a-quote + approvals),Cursor generates proposal workflow code + email templates; can build admin review UI quickly.,Effort: M-L | Source: Assumed (partly aligns),Email service + e-sign provider if needed; CRM integration (Close).,
Cursor Pro,Feature mapping,Online ordering + scheduled fulfillment windows,"Cursor helps implement time-slot availability, cutoffs, and scheduling logic; tests for edge cases.",Effort: L | Source: Assumed,Calendar system + inventory constraints; background jobs for reminders.,
Cursor Pro,Feature mapping,"Payments (deposits, full payments, refunds)",Cursor speeds integration code + webhook handler scaffolding; encourages idempotency patterns.,Effort: M | Source: Assumed,Payments platform + webhooks; signature verification; PCI scope management.,
Cursor Pro,Feature mapping,Customer notifications (email/SMS),Cursor generates templating + notification routing logic; test harnesses.,Effort: M | Source: Assumed,Email/SMS provider + webhook callbacks/status tracking.,
Cursor Pro,Feature mapping,"Customer accounts (login, order history)","Cursor helps implement auth flows, RBAC, account pages.",Effort: M | Source: Assumed,Auth provider or custom auth; security hardening.,
Cursor Pro,Feature mapping,Admin: menu management + pricing rules,Rapid admin UI generation + validation rules + migration scripts.,Effort: M | Source: Assumed,DB migrations + role permissions.,
Cursor Pro,Feature mapping,Lead intake tracker + pipeline view,"Cursor helps implement CRM-synced lead mirror, dashboards, reporting.",Effort: M | Source: In doc,Close API integration + webhooks; rate limit handling.,
Cursor Pro,Feature mapping,Lead source attribution + referral quality tracking,Cursor helps model attribution across sources; build analytics queries.,Effort: M | Source: In doc,Enforced data entry + integration touches in intake forms/CRM.,
Cursor Pro,Feature mapping,Deal duration / close-time reporting,Cursor helps implement event-sourcing or status history tables.,Effort: M | Source: In doc,Consistent status updates (CRM ↔ internal); reconciliation jobs.,
Cursor Pro,Feature mapping,"Tastings workflow (scheduling, notes, conversion metric)",Cursor accelerates calendar integration + templated tasting note capture.,Effort: M-L | Source: In doc,Calendar provider push notifications; channel renewals.,
Cursor Pro,Feature mapping,Commission tracking,Cursor helps implement commission rules + payout reports.,Effort: M | Source: In doc,Payroll/accounting integration if automated; audits.,
Cursor Pro,Feature mapping,Weekly close visibility + cash forecasting tied to pipeline,"Cursor helps implement forecast models, snapshots, scheduled reporting jobs.",Effort: M-L | Source: In doc,Data warehouse/reporting or scheduled compute; finance data sources.,
Cursor Pro,Feature mapping,Weekly labor reporting (spend by person),Cursor helps implement time tracking ingestion + reporting views.,Effort: M-L | Source: In doc,Timekeeping input method (mobile/timeclock) or manual entry; exports.,
Cursor Pro,Feature mapping,Staffing schedule planning (seasonal scaling),Cursor speeds building scheduling UI + constraints and optimization heuristics.,Effort: L | Source: In doc,Potential optimizer/job solver; integrations with calendar and payroll.,
Cursor Pro,Feature mapping,Calendar as “operational truth” (single source of truth),Cursor can accelerate building bidirectional sync + conflict resolution logic.,Effort: L | Source: In doc,Calendar provider quotas/limits + watch renewal + dedupe.,
Cursor Pro,Feature mapping,Jobs/events with rich operational detail fields,Cursor benefits: schema definition + admin forms + validation + attachments.,Effort: M | Source: In doc,File storage for BEOs/attachments; access controls.,
Cursor Pro,Feature mapping,"Visual readability scheduling board (color coding, at-a-glance complexity)",Cursor accelerates UI implementation (calendar board/time grid) + UX iteration.,Effort: M-L | Source: In doc,Frontend framework + state mgmt; performance tuning for large schedules.,
Cursor Pro,Feature mapping,"Job complexity scoring (e.g., grill on-site, staff count, timeline)",Cursor helps formalize scoring model and compute derived fields.,Effort: M | Source: In doc,Requires operations-defined rubric + continuous iteration.,
Cursor Pro,Feature mapping,Reimbursements + expense handling,Cursor can build receipt submission pipeline and reimbursement ledger.,Effort: M | Source: In doc,Optional accounting integration; document storage.,
Cursor Pro,Feature mapping,Weekly practical finance view (expected inflow/outflow),Cursor speeds scheduled reports + dashboards.,Effort: M-L | Source: In doc,"Payments, invoices, payroll, AP sources; reconciliation.",
Cursor Pro,Feature mapping,Shared shopping / prep list tied to weekly schedule,Cursor helps build “event -> ingredients -> aggregated purchase list” logic.,Effort: M-L | Source: In doc,Inventory + recipe yields; mobile-friendly checklist UX.,
Cursor Pro,Feature mapping,Role-specific task sheets / accountability surfaces,Cursor speeds building role dashboards + task assignment + permissions.,Effort: M | Source: In doc,Task system integration (ClickUp) or native tasks.,
Cursor Pro,Feature mapping,"Venue relationship management (assignments, check-ins)","Cursor helps implement CRM-style entities, reminders, and reporting.",Effort: M | Source: In doc,CRM sync and/or dedicated partner module.,
Cursor Pro,Feature mapping,Event planner relationship tracking,Same as venues; Cursor helps implement entity + touchpoints + reminders.,Effort: M | Source: In doc,CRM integration; comms logging.,
Cursor Pro,Feature mapping,Preferred vendor recommendations (location-aware),Cursor helps implement search/rank logic + geo filters.,Effort: M-L | Source: In doc,Geocoding/maps provider; data curation.,
Cursor Pro,Feature mapping,Google Sheets import/export as operating surface,Cursor can generate robust ETL sync jobs and admin “export” tools quickly.,Effort: M | Source: In doc,Sheets API quotas + batching + backoff.,
Cursor Pro,Feature mapping,Close CRM as sales authority (bi-directional sync),"Cursor accelerates API client + webhook ingestion, signature verification.",Effort: M-L | Source: In doc,Close webhooks + signatures + rate limits.,
Cursor Pro,Feature mapping,"Slack notifications (ops alerts, schedule changes)",Cursor can implement webhook posting + structured messages quickly.,Effort: S-M | Source: In doc (implicit),Slack webhooks/app config; message formatting governance.,
Cursor Pro,Feature mapping,ClickUp project/task integration,Cursor helps implement task mirroring + webhook-driven updates.,Effort: M | Source: In doc (implicit),ClickUp webhooks and API; handling payload/trigger semantics.,
Cursor Pro,Feature mapping,"Observability (metrics, traces, logs)",Cursor helps add instrumentation consistently + generate dashboards-as-code.,Effort: M | Source: Assumed,Observability stack + collectors/exporters.,
Cursor Pro,Feature mapping,Audit logging for business-critical events,Cursor helps implement append-only logs + admin views + alerting.,Effort: M | Source: Assumed,"Storage, retention policies, access controls.",
Cursor Pro,Feature mapping,GDPR-style deletion + data export,"Cursor can implement export jobs, deletion flows, and proofs-of-deletion.",Effort: M-L | Source: Assumed,Must meet right to erasure + portability requirements.,
Cursor Pro,Feature mapping,Concurrency + idempotency for external events,Cursor can scaffold idempotent webhook handlers and event dedupe.,Effort: M | Source: Assumed,Vendor webhook retries; store processed event IDs.,
GPT Plus,Feature mapping,Overall business shape,"Use Projects + custom GPTs to document SOPs, roles, and operational artifacts; generate process maps and playbooks.",Partially feasible,"“Documentation” is feasible; “automation” still needs triggers + data plumbing. | Inputs: Existing SOP docs, sample events, existing spreadsheet templates.","“Process mining prompt”: ask for workflow, produce swimlanes + checklists + RACI."
GPT Plus,Feature mapping,Sales and lead management,"Draft responses, proposals, qualification scripts; analyze lead notes; use email/calendar apps for context.",Partially feasible,No reliable end-to-end “new lead -> CRM update -> follow-up sequence” without external automation (and/or CRM app availability). | Inputs: CRM export CSV; email threads; proposal templates in Drive.,“Triage -> schema -> draft”: extract lead fields to JSON then generate email/proposal.
GPT Plus,Feature mapping,Lead source awareness matters a lot,"Data analysis on lead source fields for conversion, close time, and revenue attribution.",Partially feasible,Requires consistently captured data; may require ETL from CRM into a sheet. | Inputs: CSV export from CRM; standardized “source” taxonomy.,“Analytics prompt”: compute funnel by source; return charts + narrative + actions.
GPT Plus,Feature mapping,Close CRM is important,"GPT Plus can advise and generate updates, but cannot natively act in Close unless there is an app or you use GPT Actions (which requires an external API endpoint).",Not feasible,Missing native Close app + no Plus-as-backend. Practical automation requires Zapier/API glue. | Inputs: Close API / Zapier sync into Sheets; or migrate to a CRM with a ChatGPT app.,“CRM delta prompt”: produce “what to update” payloads for manual entry or downstream automation.
GPT Plus,Feature mapping,Lead tracker forecasts incoming money,GPT can analyze pipeline tracker sheets and generate weekly forecast narratives and scenarios.,Partially feasible,Scheduled automation is limited (Tasks can’t use file uploads or GPTs). | Inputs: Pipeline sheet; assumptions for probability and expected close date.,“Forecast with assumptions”: compute base/upside/downside and confidence notes.
GPT Plus,Feature mapping,Weekly labor reporting,"Upload timesheets/payroll exports; compute labor cost per event, per role, per worker; generate a weekly labor report.",Partially feasible,Data capture quality; no guaranteed writeback into payroll/HR. | Inputs: Timesheet export; event roster; pay rates table.,“Labor report prompt”: enforce schema; output summary + anomalies list.
GPT Plus,Feature mapping,Scheduling is a major operational function,Use calendar apps to summarize upcoming events and detect conflicts; generate staffing plans and run-of-show. (Calendar apps may be read-only depending on provider/app.),Partially feasible,Creating/modifying calendar events is not reliably supported across plans/providers; agent mode is capped. | Inputs: Calendar events; staffing availability; travel-time heuristics.,“Schedule digest prompt”: produce daily/weekly operational brief + staffing needs.
GPT Plus,Feature mapping,Calendar is a core source of operational truth,Projects can reference Drive/Slack links; apps can search calendar/email for context.,Partially feasible,“Truth source” still needs normalization and structured extraction. | Inputs: Calendar + linked BEO/Docs; standardized naming conventions.,“Calendar -> ops schema”: extract event objects into normalized JSON rows.
GPT Plus,Feature mapping,Jobs/events are operationally detailed,"GPT excels at converting complex event text (BEOs, emails) into structured checklists, timelines, staffing plans.",Partially feasible,"If BEO is PDF/image, extraction quality varies; tasks can’t use file uploads; human review required. | Inputs: BEO PDF; venue docs; equipment inventory list.",“Extract -> validate -> generate”: 3-pass approach with explicit validation rules.
GPT Plus,Feature mapping,Visual readability of operations,GPT can propose dashboard layouts and generate “one-page ops brief” formats; can generate tables/charts from sheets.,Partially feasible,Cannot guarantee UI rendering in Google Sheets UI; you still implement formatting. | Inputs: Ops sheet; color conventions; column schema.,“Dashboard spec prompt”: output a layout spec + formulas + conditional formatting rules.
GPT Plus,Feature mapping,Some jobs are more complex than others,Build a complexity scoring rubric; use GPT to classify events and suggest staffing/equipment.,Partially feasible,Needs historical outcomes to calibrate; risk of hallucinated constraints without data. | Inputs: Past events dataset (event attributes + staff hours + issues).,“Scoring rubric prompt”: produce score + reason codes + resource plan.
GPT Plus,Feature mapping,Reimbursements / expense handling exists,"GPT can extract receipt fields (amount, category, event) from uploads and produce reimbursement entries; create summaries.",Partially feasible,Must avoid cardholder data; cannot automate payments; needs accounting system integration for full flow. | Inputs: Receipts; chart of accounts; reimbursement policy doc.,“Receipt extraction”: output a strict CSV row set + confidence markers.
GPT Plus,Feature mapping,Financial visibility is weekly and practical,GPT can synthesize cash outlook reports from spreadsheet data and narrative assumptions with scenario analysis.,Partially feasible,Requires good data hygiene; true automation needs scheduled ingestion from bank/processor (not Plus). | Inputs: Weekly cash sheet; expected withdrawals/payroll; vendor bills.,“Weekly CFO brief”: table + risks + recommended moves next 7/14 days.
GPT Plus,Feature mapping,Shared food shopping / prep list,"GPT can generate scaled shopping lists, prep sequencing, and batch plans from menus and headcount; can output into sheets/docs if the Drive actions are enabled for your plan.",Partially feasible,Ingredient database + recipes must exist; write actions may depend on config; human verification for food safety/allergens. | Inputs: Recipe library; inventory on hand; suppliers; allergen flags.,“Menu -> ingredient BOM”: produce per-item BOM + consolidated purchase order.
GPT Plus,Feature mapping,Role-specific task sheets,"GPT can generate role-based checklists, shift briefs, and SOP snippets; can summarize ClickUp if connected.",Partially feasible,ClickUp “sync” documentation indicates read scope today; creating/updating tasks may not be available without write actions or external automation. | Inputs: Task templates; roles; event schema.,"“Checklist compiler”: output per role, per day, with dependencies and time estimates."
GPT Plus,Feature mapping,Venue relationships strategically important,"GPT can draft outreach sequences, meeting agendas, and monthly check-in scripts; summarize venue notes if stored in docs.",Partially feasible,"Relationship system needs CRM writeback + reminders; tasks limited to 10 active tasks, so use batch cadence tasks not per-venue tasks. | Inputs: Venue database; contact list; last-touch dates; deal history.",“Relationship cadence”: generate next-touch plan + email drafts + logging payload.
GPT Plus,Feature mapping,Event planners matter too,Same as venues: communication templates and follow-ups.,Partially feasible,Automated sequence execution requires CRM/email automation tooling. | Inputs: Planner list; tone guidelines; prior messages.,“Planner follow-up”: draft + subject lines + versions by tone.
GPT Plus,Feature mapping,Venue ownership assigned to reps,GPT can generate owner dashboards and “overdue touchpoints”; produce accountability reports.,Partially feasible,Requires correct assignment data + reminders; Plus has limited governance for multi-user workflows. | Inputs: Assignment sheet; weekly cadence; success metrics.,“Owner report”: produce per-rep tasks next 7 days + context snippets.
GPT Plus,Feature mapping,Preferred vendors + location-aware recommending,GPT can recommend vendors based on an internal vendor list + event constraints; can supplement with web research.,Partially feasible,Needs curated vendor data; web results need verification; no guaranteed geo or pricing accuracy. | Inputs: Vendor list; service areas; pricing; SLAs; venue restrictions.,“Constraint satisfaction prompt”: explicit constraints + ranked recommendation table.
GPT Plus,Feature mapping,Tastings are a real sales mechanism,"GPT can generate tasting agendas, feedback forms, and conversion follow-up sequences; summarize tasting notes (including from record mode).",Partially feasible,Scheduling/booking is not fully automated; capture of evaluations must be structured. | Inputs: Tasting form; rubric; sample menus; pricing sheet.,“Tasting debrief”: extract objections + next steps + tailored proposal delta.
GPT Plus,Feature mapping,Commission tracking exists,GPT can compute commissions from a sheet and produce payout reports and exception flags.,Partially feasible,Needs consistent deal attribution; integration to payroll/accounting not included. | Inputs: Deal close export; commission rules; adjustments log.,“Commission engine prompt”: compute + audit trail + edge case list.
GPT Plus,Feature mapping,Google Sheets are everywhere,"Data analysis + sheet-friendly outputs (CSV, formulas, normalized tables) are a core strength.",Fully feasible,"Human still validates outputs; writeback depends on app actions configuration. | Inputs: Clean, normalized sheets; consistent headers.",“Sheet-first prompt”: output CSV/TSV + formulas + validation rules.
GPT Plus,Feature mapping,Google is main environment,Google Drive app/actions can unify Docs/Sheets/Slides actions; connected Google data has specific privacy rules.,Partially feasible,Workspace admin settings can affect actions; project-link sources may not support sync in-project. | Inputs: Drive folders per event; templates; shared permissions.,“Doc assembly prompt”: create proposal/BEO addendum from templates + variables.
GPT Plus,Feature mapping,Tool stack fragmentation,"GPT can reconcile “where truth lives,” propose consolidation, generate migration plans, and produce bridges (exports/import templates).",Partially feasible,Technical integration across tools is outside Plus-only; requires API/no-code automation layer. | Inputs: Inventory of systems + fields; sample exports from each.,“System mapping prompt”: produce canonical schema + mapping tables + migration steps.
GPT Plus,Feature mapping,Multiple departments (admin/sales/ops/etc.),"GPT can generate role-specific materials, but Plus is a personal plan-no enterprise workspace controls, RBAC, or “no training by default” posture like Business.",Partially feasible,Secure multi-user deployment is constrained; account sharing prohibited. | Inputs: If multi-user: individual accounts + shared templates; or move to Business plan.,“Role pack prompt”: produce a per-role playbook + standard prompts + QA checklist.
GPT Plus,Feature mapping,Structure should scale through people and systems,"GPT can produce scalable SOPs, training materials, and structured templates.",Partially feasible,"Systems scaling needs integrations, permissions, and auditability beyond Plus. | Inputs: SOP docs; training rubrics; standard outputs.",“Training module prompt”: create onboarding lessons + scenarios + rubrics.
GPT Plus,Feature mapping,Already a management layer,GPT can produce weekly exec briefs and KPI dashboards from sheets.,Partially feasible,KPI extraction depends on data consistency; deep research is not for ops KPI automation. | Inputs: KPI sheet; thresholds; definitions.,“Ops dashboard prompt”: compute KPIs + anomalies + actions.
GPT Plus,Feature mapping,Weekly rhythms,Scheduled Tasks can generate recurring briefs and reminders; limited to 10 active tasks; runs offline and notifies you.,Partially feasible,Tasks can’t use file uploads or GPTs; keep tasks lightweight and rely on stable text instructions. | Inputs: Fixed weekly prompt text; links to sheets/docs.,“Weekly cadence task”: stable prompt + explicit output format + escalation rules.
GPT Plus,Feature mapping,Recurring operational cycles,Same as weekly rhythms; plus can generate cycle checklists and seasonal playbooks.,Partially feasible,True operational orchestration requires event-driven automation outside Plus. | Inputs: Cycle definitions; triggers; owners.,“Cycle orchestrator prompt”: generate checklists + dependencies + owner routing.
GPT Plus,Feature mapping,Create order out of complexity,"GPT excels at converting messy notes into structured plans, checklists, and tables.",Partially feasible,Needs disciplined inputs; without structured data you’ll get drift. | Inputs: Standard intake forms; canonical schema.,"“Normalization-first”: force JSON schema, then generate artifacts."
GPT Plus,Feature mapping,Social media mattered more,"GPT can generate content calendars, captions, hooks, and repurpose event stories; can generate images (as allowed), but marketing automation scheduling requires external tooling.",Partially feasible,"Approvals, brand safety, and scheduling still require separate systems. | Inputs: Brand guide; photo/video assets; event highlights.",“Content pipeline prompt”: brand constraints + 30-day calendar + variants.
GPT Plus,Feature mapping,Strong candidate for templating,"Custom GPTs + Projects enable reusable templates for proposals, BEO summaries, prep lists, staffing plans.",Fully feasible,Governance/versioning across a team is better on Business. | Inputs: Template docs; naming conventions; QA checklists.,“Template pack”: instructions + few-shot examples + strict output schemas.
GPT Plus,Feature mapping,"Not broken, manually overextended",GPT Plus can reduce time spent drafting/formatting/reporting and improve consistency; but it won’t replace system integration.,Partially feasible,Bottlenecks that are “data movement” or “permissions/workflow routing” need tooling beyond Plus. | Inputs: Time study of tasks; pain-point ranking.,“Time-savings audit”: list top 20 tasks; propose GPT + template approach per task.
Claude Pro,Requirement mapping,Overall business shape (structured recurring workflows),Projects + instructions + RAG; scheduled tasks,Partially supported,"Claude can centralize “how we run the week,” but Pro alone doesn’t unify data/permissions across tools into a true system of record.",Use Pro Projects to standardize SOPs now; for system-of-record automation add Claude API + DB.
Claude Pro,Requirement mapping,Sales and lead management,Projects; connectors; custom connectors (remote MCP),Partially supported,No built-in Close CRM connector guaranteed; Pro can support work via custom connector + scheduled reporting.,Build/use a Close MCP connector (or automation platform) for lead ingest/routing; use API for event-driven triggers.
Claude Pro,Requirement mapping,Lead source awareness and attribution,Projects; Drive/Sheets access; scheduled tasks,Partially supported,Strong for analytics and reporting if source data is accessible; less strong for automatic attribution without CRM integration.,Implement UTM/source normalization in CRM via API; use Pro for weekly insight writing.
Claude Pro,Requirement mapping,Close CRM is important,Custom connectors via remote MCP,Partially supported,"Pro can connect to a remote MCP server you host; still not “native,” and automation depends on scheduled tasks + tool permissions.","Build MCP server that wraps Close API, with strict scopes and audit logging."
Claude Pro,Requirement mapping,Lead tracker used for cash forecasting,File creation + code execution; Drive/Sheets access,Partially supported,Claude can compute forecasts and generate updated spreadsheets; updating “live” Sheets reliably may require MCP/iPaaS.,Pro: generate forecast artifacts; Production: API + scheduled workflow + write-back to Sheets/DB.
Claude Pro,Requirement mapping,Weekly labor reporting,File creation; connectors; scheduled tasks,Partially supported,Reporting is easy; automated labor ingestion depends on timekeeping/payroll system access.,Add HR/timekeeping integration via MCP or iPaaS; keep Claude Pro as reporting layer initially.
Claude Pro,Requirement mapping,Scheduling is a major operational function,Google Calendar connector; scheduled tasks,Partially supported,"Calendar connector can create/update/delete events and find availability, but connector actions generally require approval; optimization logic is external.",Use Pro to draft schedules; for automated scheduling use solver + API + human approval gate.
Claude Pro,Requirement mapping,Calendar is operational truth,Google Calendar connector,Partially supported,Connector provides strong read/write capability for events; but requires explicit approval in chat flows.,Use Claude Code cloud tasks for “daily calendar digest”; for real-time ops use API + event bus.
Claude Pro,Requirement mapping,Jobs/events are operationally detailed,Projects; file creation; Drive connector,Fully supported,"Claude Pro is well-suited to creating structured “event briefs” from BEOs, notes, and timelines-especially in Projects.",Standardize an event-brief JSON/template; add MCP tools to store briefs in DB/CRM.
Claude Pro,Requirement mapping,Visual readability for fast ops comprehension,File creation (spreadsheets); Projects,Partially supported,"Claude can generate formatted artifacts; but maintaining a living, color-coded ops sheet in Sheets is better via API/MCP tooling.",Implement a “one-click render” pipeline: DB->generated sheet/PDF->Drive.
Claude Pro,Requirement mapping,Jobs vary in complexity,Projects; code execution,Fully supported,"Complexity scoring, staffing heuristics, and checklists are strong Claude tasks if you supply historic examples in a Project.",Add a complexity score field to event records; update automatically via API/MCP.
Claude Pro,Requirement mapping,Reimbursements / expense handling,File creation; connectors,Partially supported,"Claude can parse receipts/invoices if provided as images, but Drive connector won’t process embedded images; accounting integration needed for automation.",Use specialized OCR + accounting API; Claude Pro can draft reimbursement summaries and approvals.
Claude Pro,Requirement mapping,Weekly financial visibility,File creation + code execution; scheduled tasks,Partially supported,Forecasting and variance narration are strong; bank feeds/accounting ingestion not Pro-native.,Add Plaid/accounting platform + ETL; use Claude for variance explanations and executive weekly memo.
Claude Pro,Requirement mapping,Shared food shopping / prep list,Projects; file creation; Drive/Sheets access,Fully supported,Claude can generate shopping and prep lists from menus + event counts; best results when recipes/yields live in Project knowledge.,Add inventory-on-hand + vendor catalog integration to turn lists into purchase orders.
Claude Pro,Requirement mapping,Role-specific task sheets,Projects; connectors; custom connectors,Partially supported,Claude can generate role-based checklists; task-system write-back depends on ClickUp/PM integration.,"Build MCP tools: create_task, assign_task, checklist_template; add audit trail."
Claude Pro,Requirement mapping,Venue relationships are strategic,Projects; Drive/CRM connectors; email drafts,Partially supported,"Claude can draft outreach, meeting briefs, and follow-ups; Gmail connector cannot send emails.",Integrate email sending via CRM/marketing tool; use Claude Pro for personalization and sequences.
Claude Pro,Requirement mapping,Event planners matter,Same as above,Partially supported,"Same constraints: writing is easy, sending/logging requires external system.",Add CRM logging + outreach automation and keep Claude as copy + research layer.
Claude Pro,Requirement mapping,Venue ownership assigned to reps,Custom connectors; Projects,Partially supported,Ownership assignment is easy to decide; writing back to CRM requires integration.,Implement CRM field updates via MCP tool; add “approval required” safeguard.
Claude Pro,Requirement mapping,Preferred vendors & location-aware recommendations,Projects + knowledge base,Fully supported,Claude is well-suited to recommendation generation if vendor list + geo coverage is stored in Project knowledge.,Put vendor DB in a real database; expose as MCP “search_vendor” tool.
Claude Pro,Requirement mapping,Tastings (pipeline stage),Calendar connector; Projects; email drafts,Partially supported,Scheduling + brief generation works; closing workflow needs CRM integration and outbound messaging.,"Build tasting workflow: pre-brief, follow-up draft, deal stage update via MCP/API."
Claude Pro,Requirement mapping,Commission tracking,Code execution + file creation,Partially supported,Computation is easy; integration with payroll/accounting systems is not Pro-native.,Create “commission rules engine” in code; plug into payroll/accounting via API.
Claude Pro,Requirement mapping,Google Sheets everywhere,Drive connector (Sheets as CSV); file creation,Partially supported,"Drive connector can pull Sheet data as CSV; for stable read/write at scale, use Sheets APIs via MCP or an add-on (requires API key).",Add Sheets API integration via MCP or iPaaS; reserve Pro for analysis + file generation.
Claude Pro,Requirement mapping,Google is main environment,Connectors; scheduled tasks,Partially supported,Strong read/write for Calendar/Drive; but automation constraints remain.,Use Claude Code cloud tasks for daily/weekly loops; add API for event-triggered flows.
Claude Pro,Requirement mapping,Fragmented tool stack,Custom connectors via remote MCP,Partially supported,"MCP can unify tools technically, but governance and reliability still require engineering.",Consolidate system-of-record decisions; implement integration layer (iPaaS/workflow engine).
Claude Pro,Requirement mapping,Multiple departments/roles,Projects (sharing only on Team/Enterprise),Not supported,"Pro is an individual consumer plan; org-wide sharing and admin controls are described for Team/Enterprise, not Pro.","Use Team/Enterprise for governance, or build your own RBAC + app using Claude API."
Claude Pro,Requirement mapping,Scale through people and systems,Scheduled tasks; Projects; connectors,Partially supported,Pro can reduce manual load but won’t substitute for a governed automation platform.,Use Pro for rapid SOP/template creation; move execution to API-backed workflows.
Claude Pro,Requirement mapping,Management layer exists,Scheduled briefings; reports,Fully supported,"Weekly dashboards, standup summaries, and status briefs are excellent Pro use cases.",Implement “manager cockpit” outputs to Slack/Drive via scheduled tasks.
Claude Pro,Requirement mapping,Weekly rhythm,Scheduled tasks,Fully supported,Claude Code cloud tasks can run weekly reports without your machine on.,Implement weekly schedule+labor+cash+revenue pack generation with standardized templates.
Claude Pro,Requirement mapping,Recurring operational cycles,Scheduled tasks; Projects,Partially supported,Polling-based automation can cover many cycles; but event-driven tasks still need API/webhooks.,Add orchestration (Temporal/n8n) and Claude API to support event-driven triggers.
Claude Pro,Requirement mapping,Creating order out of complexity,Projects; dashboards; file creation,Partially supported,Claude can generate simplified views; a durable “single pane of glass” needs a real data model and UI.,Build a canonical event schema + data pipeline; use Claude as reasoning layer.
Claude Pro,Requirement mapping,Social media growth interest,Drafting + ideation,Fully supported,"Claude Pro is strong for content generation, repurposing, and strategy.",Add scheduling/analytics tool + content calendar; optionally integrate via MCP.
Claude Pro,Requirement mapping,Candidate for templating (repeatable model),Projects; file generation,Partially supported,"Pro can create templates and SOP libraries, but productizing as a service needs API + packaging.",Use Pro to author templates; build a multi-tenant SaaS with Claude API for delivery.
Claude Pro,Requirement mapping,Manually overextended (need automation),Cowork/Claude Code; connectors,Partially supported,Pro reduces cognitive load but isn’t a substitute for an automation runtime with SLAs and governance.,Use Pro immediately for triage + templates; prioritize API-based automation for highest-load loops.
Claude Pro,Additional opportunities,Menu personalization engine,"Tailor menus to client preferences, budgets, dietary needs; auto-generate proposal variants",Priority: High | Complexity: Medium,Structured menu/recipe DB + cost model + CRM integration,
Claude Pro,Additional opportunities,Event complexity scoring -> staffing recommendation,Turn event details into an estimated staffing plan and prep schedule,Priority: High | Complexity: Medium,Historic labeled examples + rules/optimization; write-back to schedule,
Claude Pro,Additional opportunities,Inventory forecasting,Predict ingredient demand from upcoming events; reduce waste/stockouts,Priority: Medium | Complexity: High,Inventory DB + supplier catalogs + time series model,
Claude Pro,Additional opportunities,Automated purchasing workflow,Convert prep list to vendor-specific purchase orders,Priority: Medium | Complexity: High,Vendor APIs/email ordering; approvals; accounting integration,
Claude Pro,Additional opportunities,OCR + invoice reconciliation,Extract invoice line-items; match to POs; flag discrepancies,Priority: High | Complexity: Medium,OCR service; accounting system integration,
Claude Pro,Additional opportunities,Scheduling optimization,Optimize staff assignments across multiple events/locations; minimize travel time,Priority: High | Complexity: High,Optimization solver + constraints; write-back to calendar/task system,
Claude Pro,Additional opportunities,Voice assistant for lead intake,"Answer calls, capture requirements, create a lead, schedule tasting",Priority: Medium | Complexity: High,Telephony + speech-to-text + CRM + guardrails,
Claude Pro,Additional opportunities,Real-time kitchen monitoring summaries,Summarize IoT or prep-progress signals into actionable alerts,Priority: Low-Medium | Complexity: High,IoT stack + streaming pipeline; alert routing,
Claude Pro,Additional opportunities,Social content pipeline with performance feedback,"Generate content, schedule posting, and learn from analytics",Priority: Medium | Complexity: Medium,Social scheduler + analytics ingestion,
