# OF COMPLETED EVENTS,Partnership Tier Level ,Characteristics,VENUE NAME,Assigned Consultant Manager,ADDRESS,DISTANCE FROM OUR  KITCHEN,REFERRAL STATUS,LAST EVENT DATE,Are we added to ther website as  preferred vendor?,Partnered Venue?,Needs Permit?,Notes,Account Manager ,Venue visti done? ,Link of Close CRM,Website Link 
COMPLETED 1 EVENT,,,Andover Inn ,," 4 Chapel Ave, Andover, MA 01810, United States",,not yet ,,,No,,1 event done ,Nina,,https://app.close.com/lead/lead_5j2jFeZ7yNa4PCpy1ENHQQyXSbCCyVDDHB5IVB0gB3o/,
PARTNERED VENDORS,TIER 2 - Preferred Partner,"no bar 
accomodate 150 ppl
indoor:120ppl accomodation
they offer oven 250 dollars need to pass on to the client
they are strict, not flexible 
we can't drop off things a day before 
good source of leads 
no bedroom to acocmdate
price point: 2k-3500

",ASA WATERS MANSION ,Andre,"123 Elm St, Millbury, MA 01527, United States",,sent us some referals,,,Yes,YEs ,We have 5 upcoming events  that will beheld in ASA,,,https://app.close.com/lead/lead_vcqrJcPQTiCQ5c10V4owqHy6v8As3x30rWrqBEFwm2L/,Arrowhead Acres
COMPLETED 2 EVENTS,,"have Q' meetings 
This is corporate account 
( no 3 touchpoint every single month )
touch base once a month ( alternate channel communication)
",BLACK BEAR CONCRETE,Andre,"488 Main StLeominster, MA 01453",,,,,,,4 events done,,,"https://app.close.com/lead/lead_Eoj1sKpe4c1ZlKeJDEKceKDmlrXR0ncEqb7BtbGr00i/, https://app.close.com/lead/lead_KeUoFS0mEqw0JxF509VFaU0CnJiSaT1RSCpoAPHS2Av/, https://app.close.com/lead/lead_bd7k7jJKAE8GcYhvkP8P6z7gOPbIPE9C8cDCKzYKYob/, https://app.close.com/lead/lead_Eoj1sKpe4c1ZlKeJDEKceKDmlrXR0ncEqb7BtbGr00i/",Asa Waters Mansion
,,,Workers Credit Union Headquarters,,"119 Russell St, Littleton, MA 01460, United States",,No,March 1,,,,Always get us many times for thier occasion.. communicate directy with Bibi most  of the time . thi is a bank ,bibi,,,Workers Credit Union
COMPLETED 1 EVENT,TIER 1-Connected Partner,"huge venue
100-200 ppl
pricepont: 2500-5k 
has a kitcehn
residential style kitchen but good space to work
very demanding venue 
 take trash with us 
we need sweep the floor
no bar 
we could grill outside 
no accomodation 
poor parking  for guests 
we do everything here 
not that flexible to drop off things a day before but we can still double check 
45-50 mins ride from our kitchen 
",Charles River Museum,Andre,"154 Moody Street  •  Waltham, MA 02453",,,,,no ,,1 event done. We allow some outside catering and would happily discuss options and schedule a site tour.,,,https://app.close.com/lead/lead_3AXvsN8n8lmad6y6bS6997SejOPkTqxaqLqx0pB2Pv8/,https://www.christalightevents.com/
PARTNERED VENDORS,TIER 3 - Growth Partner,"all inclusive type of Venue 
they take care of decor, DJ, photobooth, Photographer
pretty nice the space is good 
it is in Plaza that has other businesses
no outdoor no nice landscape outside 
the price point is : 3k-10k (mostly all inclusive)
people ina  budget we can recommend this place 
",Christalight Auditorium and Event Hall,Andre,"799 S Main St SUITE 18, Bellingham, MA 02019",,,,,,,3 events on the record,,,"https://app.close.com/lead/lead_b7gDrT1aY6m7G22Ejfjw7VwZ5QHikFihLwPoyc5HBOo/, https://app.close.com/lead/lead_ntu5LKoM7wmPIjeSBicppC8JkyjC6CIZBTdByD6yME7/, https://app.close.com/lead/lead_fz3zqee27kLxyUM9IijdUHb4Z9hNfTpbiy79BKLNKyD/",
COMPLETED 1 EVENT,TIER 1-Connected Partner,"no bar
beautiful outside
historical house
nice kitchen
VERY VERY VERY STRICT
yes to grilling
yes parking
180 ppl to 200 guests
no accomdation 
45 mins away from us
we need to do everything here.. do chairs and tbale placement
pricepoint:atleast 5k
special treatment 
we need to do bussing 
we need to check if tehre is a permit we need to secure 
",Commanders Mansion ,Andre,"440 Talcott Ave, Watertown, MA 02472, United States",,no ,,,not yet,,One event done. no bar service,,,https://app.close.com/lead/lead_Zcw8VXksBhd1GBdx5wvImmZqZR12PRCXdKNxqUymb5t/,
COMPLETED 1 EVENT,,"this is Corporate Account 
not  intense communication just once a month 
",ETS EQUIPMENT,Andre,"11 Airport Rd, Hopedale, MA 01747 ",,,,,,,One event done,,,https://app.close.com/leads/save_CcVzMI6s2oLybrJBIT3RIEEpl3libnGlb1ojbHwvrYt/,https://shelburnesprings.com/
COMPLETED 1 EVENT,TIER 1-Connected Partner,"no bar
people usually hve money 
boston area
150 ppl 
big space 
they have nice outdoor but since they are in the city   ther might be limitation
they have kticehbn space but no equpment
there is a space for cooking and prep. 
yes to grilling  outside 
 go on peoples website and search about this ",Garage B Events at The Speedway,Andre,"1420 Soldiers Field Road, Brighton MA, 02135",,,,,,,1 events done,,,https://app.close.com/lead/lead_Jsjv2NxfQAYHFgP4jNQIpBmBQdZfCEBYQ3bq5oxVq4F/,https://garagebevents.com/
COMPLETED 2 EVENTS,TIER 1-Connected Partner,"no bar
closed by form our kitchen ( 25 mins) 
close by from lake front view 
they have kitchen kind of residentail/ commercial kitchen , good space for us
80 people guest 90 max 
parking good 
good to work with ,w e can drop off stuff earlier  the time the guests rented
they have cabins that can accomodate people 
indoor and outdoor space 
they can  do teh ceremony outside but for the  food it s hould be indoor i most cases 
we can grill 
",Knights & Ladies of Kaleva,Andre,"Kaleva Road, Littleton, MA 01460",,,October 4. 2025,,,,2 events done ,,,,Versailles Venue
COMPLETED 2 EVENTS,TIER 1-Connected Partner,"big classic venue
good for gala parties
highend value
price point 5k to 10k 
close by 
they have kitchen space nice  area to work 
we can't cook inside we can cook at their loading dock
grilling may not be permitted  due to the location ( we need to further check on this)
we have not establish any good relatinship with them ",Mechanics Hall,Andre,"321 Main St, Worcester, MA 01608, United States",,,Nov. 1 2025,,no ,,3 events done,,,https://app.close.com/lead/lead_2oLLMUAF2eQ7Cb2629VXophu6bKC2kiiBqR7YHxmv96/,https://saima-park.org/
COMPLETED 2 EVENTS,TIER 1-Connected Partner,"low budget 
can do 100 budget 
no accomodation 
no bar service 
1 hr and 50 mins 
very modest place , little pond",The Over look of the Meehan,Andre,"2 Gov Notte Pkwy Building # 3, North Providence, RI 02904",,,5/10/2025,,,,2events done,,,,
COMPLETED MORE THAN 3 EVENTS,,"this is a bank 
the person we have here is close with BIbi",WCU Littleton- Workers Credit Union Headquarters,Andre,"119 Russell St Littleton, MA 01460, USA",,,,,,,4 events have been completed,,,"https://app.close.com/lead/lead_uzgex1X3VMh1Ilqlp9gaWvZngAyCmB2ShojUd7Uh23l/, https://app.close.com/lead/lead_1S1oVQdxb6qfFpFy3Oh7ZlmVxQ0BKs88Hxl6Xo6HCLP/ ,https://app.close.com/lead/lead_VrvtdNTTbth7yw0lUx4hrRhHmFFh0nb9tzl2vzt7H2q/,  https://app.close.com/lead/lead_Pz5kDHhePtZLw6KmGUcn5yQ3P4QKJmZdMR6IWisRpKV/, https://app.close.com/lead/lead_GQVIVbLZZZt0fcb4qKHBzHIDwmFHbnRKzSZxNhRSgee/, ",https://www.ais-inc.com/spaces/leominster-ma
COMPLETED 1 EVENT,TIER 1-Connected Partner,"closeby to our kitchen 
",Wildwood Farm,Andre,"50 Woods Rd, Westminster, MA",,,5/6/2025,,,,1 event done,,,,http://www.blackbearconcrete.com
COMPLETED 1 EVENT,TIER 1-Connected Partner,,"BEZ GROUP
contact: Everton Bezerra",Andre,,,,,,,,,,,,https://the228insterling.com/
COMPLETED 1 EVENT,TIER 2 - Preferred Partner,"beautiful venue otuside
barn-farm  feeling ,rustic
far from our ktichen approc 2.5 hrs 
very nice operator of the couple.
we cant drop off due to distqance
no kitcehn  we need to cook outside 
we c grill outside 
parking yes 
they ahve thier own bar 
price point: 2000-3000
 no accomodation 
inside the barn 120 ppl

Donna - the person in charge 
",Balderdash Cellars,Eduarda,"81 State Rd, Richmond, MA 01254",,,,,,none,1 Event done ,,,,
COMPLETED 2 EVENTS,TIER 1-Connected Partner,"furthe research on this 
 with outdoor and indoor space 
 we check if there is Room accomodation 
chekc if there is bar

",Cathedral of Pines,Eduarda,"10 Hale Hill Rd Rindge, NH 03461 United States",,,"October 13, 2025",,,,2 events done,,,https://app.close.com/lead/lead_4rSKEMKbAZh7PsfzH4xy7LByjVwtlyOjX6G8YFtm5b4/,https://www.wcu.com/
COMPLETED 1 EVENT,TIER 1-Connected Partner,"can do 200 ppl
 kinda far form our kitchen 
has good kitchen 
parking 
no bar
there are 2 halls 2 parties could happen 
7500-11k price point 
outdoor indoor beautiful scenery 

no permit
okay to grill to grill outside ",Five Bridge Inn,Eduarda,"152 Pine St, Rehoboth, MA 02769, United States",,no yet,"we have two upcoming event 
June 26,2025 and August 31,2025",,"no t yet, submit application",,"One event done. We have Brenna Arnold and Gladi Matos, who will have a wedding here. We are not yet their preferred, but we sent an application, and it will be reviewed after our first event ",,,https://app.close.com/lead/lead_x3YbpxeoQOGG3Bg2emE0vSLqbVEOadY0OEKYw040Njp/,
COMPLETED 2 EVENTS,TIER 1-Connected Partner,"no bar
200 to 300 guest 
have amazing kitchen 
can cook outside 
 we cant do teh ceremony outside (we need to double check on this
2500-4000 price point estimate 
 
Sofia- contact person",Greylock WORKS,Eduarda,"508 State Rd, North Adams, MA 01247, United States",,,"October 18, 2025",,,,2 Events done ,,,,
PARTNERED VENDORS,TIER 2 - Preferred Partner,"accom.200 people 
theyhave full kitchen, can grill outside
they are flexible to drop off thigns 
pricepoint:5k to6k
large yard that ceremony can happen 
nice landscape
they have Vintage car ( Mercedes)
",Harding Allen Estate,Eduarda," 59 Allen Dr, Barre, MA 01005, United States",,yes,6 upcoming events ,,YEs,yes,11 or more events ,,,,https://greylockworks.com/
COMPLETED 1 EVENT,,"point of contact: MELISSA
keep nurturing  for this but not overwhleming 
Corporate ",House of Representatives (MA),Eduarda,"1 Industrial Drive	Shrewsbury, MA 01545	",,,10/25/2025,,,,1 event done,,,,
COMPLETED 2 EVENTS,TIER 1-Connected Partner,"no tables and chairs ( we need to double check)
4000 price point 
no kitchen but there is a small palce to cook 
no water for us 
45 minutes from kitchen 
can grill outside 
150 guests 
it's a barn field type of venue 
they have bar ",Hyland Orchard,Eduarda,"199 Adnald Rd, Stourbridge, MA",,,"June 14, 2025",,,,2  Events done,,,,
COMPLETED 2 EVENTS,TIER 1-Connected Partner,"they have bar
1.5  drive time from kitchen 
",Mill 1 Events,Eduarda,"1 Open Square Way Holyoke, MA 01040",,,,,,,2 events done ,,,,https://mill1events.com/
COMPLETED 1 EVENT,TIER 1-Connected Partner,"Historical house
betiful otusdie
yes parking
good kitchen
close by 
indoor and outdoor 
no accomodation 
price point estimate: 3500-5k
guests can accomoate 180 -200
yes to parking

Perosn of contact:
not responsive",Pierce House,Eduarda,"17 Weston Rd, Lincoln, MA 01773, United States",,,9/12/25,,,,1 event done,,,,https://mechanicshall.org/
PARTNERED VENDORS,TIER 2 - Preferred Partner,"owned by Brazilian 
thye have space to cook but no kitchen but the facility is huge nice to  dropp off ahead of time  
they can do 200 guest
price point is ( range: 8k to 11k ) 
they don't have bar 
they have oputside and inside space 
they have accomodation 
they can do the wedding ceremony outside 
we can recommend this not only for wedding but also for corporate events, Networking Business.",The Hacienda Venue,Eduarda,"95-115 Blake Corner Rd., Phillipston, MA 01331",,,"September 20, 2025",,,,3 events done ,,,,http://www.stonegardenweddings.com
COMPLETED 2 EVENTS,TIER 1-Connected Partner,"Airbnb
big house 
big mansion
further check on this ",The Kemble Berkshires,Eduarda,"2 Kemble St, Lenox, MA 01240",,,,,,,2 events done,,,,https://www.pellasgallery.com/
COMPLETED 1 EVENT,TIER 1-Connected Partner,"kinda plaza not really for the typical wedding 
no bar
no kitchen 
 has small resdiential size kitchen 
plenty of parking 
close from our ktichen 30 mins est
felxible somehow we allow to drop off things 
100 ppl
price: 800-1800
they offer decoration of theri own 
owned by Brazilian people ",Viewpoint Venue,Eduarda," 577 Main St Suite 115, Hudson, MA 01749, United States",,,"August 11, 2025",,,,1 events done,,,https://app.close.com/lead/lead_4RU2Qkqo7qU10Y9KyRbT9368r4vJZAwQS4hOrQ8AdDC/,https://www.machineswithmagnets.com/
COMPLETED 1 EVENT,TIER 1-Connected Partner,"historic house
no bar
clsoe to out kitchen
nice space but not a kitchen
yes to grilling
150ppl
no accomodation
no eating outside it's more  of indoor 
price point 2500-4500 est. 
",VILLAGE HALL on the Coomon- FRAMINGHAM ,Eduarda,"2 Oak St, Framingham, MA 01701",,,,,,,,,,https://app.close.com/lead/lead_1A6Qaauw8e3OXTUSoFKEIxvDSnTw1kHb1nAPe1GKb66/,https://www.paccma.com/
COMPLETED MORE THAN 3 EVENTS,,"we need to further research 
","AIS Headquarters: Leominster, MA",Toni,25 Tucker Dr. Leominster MA 01453,,,,,,,3 events done,,,https://app.close.com/lead/lead_G8StoRnhud5XAFq4nLxUE8o8jEcgNKWQPfgIUaw6Dbn/,
PARTNERED VENDORS,TIER 1-Connected Partner,,Arrow head Acres,Toni,"84 Aldrich St, Uxbridge, MA 01569, United States",,sent us some referals,"Upcoming: Elena Kin 
April 27,2025",,Yes,Submit catering registration form and Menu only. if private event no need for permit,"5 events so fatr

They send us some referrals to us",Rhon,,https://app.close.com/lead/lead_CN5vgB8NqUeiRswnGFL4UW8LsWYRYMjushv4CctjxMx/,Andover Inn
COMPLETED 1 EVENT,TIER 1-Connected Partner,"modest place 
100 guest approx
they kitchen space that we can use 
we can grill outsdie 
it's close by 
they have bar 
price point: 800 to 1500 approx
indoor only 
no accomodation 
they have parking space 

",Berlin Country Club,Toni,"25 Carr Rd, Berlin, MA 01503",,,,,,,1 event done,,,https://app.close.com/lead/lead_DVRFv71deHk9X2TYIQlKGRLDbx0iPdzm8on8tM3fZSF/,https://archersartemis.com/
COMPLETED 1 EVENT,TIER 1-Connected Partner,"no bar
has a kitchen
has outside for ceremony byt the ocean
upto 90 people
yes for grilling
parking yes 
no accomodation 
we need toset everythign  the chairs, tables 
indoor and outdoor  
price point: 4500 to 8k
very strict  we need to take the  trash with us 
by the ocean (ocean front view )
very far about 1.5 away fro kitchen",Hammond Castle Museum ,Toni,"80 Hesperus Ave, Gloucester, MA 01930, United States",,,,,no ,,1 event done but theres an coming event on 6/18/2026,,yes,https://app.close.com/lead/lead_dYsLmBfpCMo6KtEU9EMME0vJgSqoKXseVDLmpm1F90L/,http://www.brightfuturefinancialllc.com/
COMPLETED 1 EVENT,TIER 1-Connected Partner,"beatuiful outside
 yes to griling 
no accomodation 
150ppl
outdoor and indoors
they dohave bar 
no kitchen 
cook outside 
price: 2000-4000
",Hardwick Winery,Toni,"3305 Greenwich Rd Hardwick, MA 01082        ",,,"September 9, 2025",,,,1 Event done ,,,,https://www.berlincountryclub.com/
COMPLETED 1 EVENT,TIER 1-Connected Partner,"250-300ppl
price point 8k to 11k 
semi comercial kitchen small spce for cooking 
big pre room for cooking 
nice loading dock 
they have bar yes grilling
we can cook otu sdie btu we need to secure permit 
parking is nice 
kinda close from ktichen 50 mins approx
no accomdation 

",Lowell Memorial Auditorium,Toni," 50 E Merrimack St, Lowell, MA 01852, United States",,,9/27/2025,,,,1 event done,,,,https://www.barneycarriagehouse.com/bch/
PARTNERED VENDORS,TIER 1-Connected Partner,"wedding outside is good 
they have indoor and outdoor 
can accomodate 200 guests or more 
theu have bar 
they have kitchen space but we can't use it . only have a room that we can cook 
it is 10 mins down the road 
very good price point ( range: 800 and 1500 dollars)
no licensing  permit that we need to get 

no room accomdation 
flexible to drop off things ahead of time they are flexible
they allow early set up ",Monoosnock Country Club,Toni,"40 Monoosnock Ave, Leominster, MA 01453, United States",,yes,"June 18 , 2022",,yes,,"13 events. Comeketo is definitely on that recommendation list.
",,,https://app.close.com/lead/lead_yRvftBG770DlAhBlbBoCBk4EklPRrmBj1OvI2x5Ep8H/,
COMPLETED 2 EVENTS,TIER 1-Connected Partner,"further research 
CAPACITY: not more than 50 people 
This is ART  gallery
no bar 
TOni( worked with thtem twice, they attended tasting",Pellas Gallery,Toni,"73 Newbury St, Boston, MA 02116",,,May 17 2025,,,,2 events done (food and bar),,,https://app.close.com/lead/lead_pPoCm3daEoAoolGvSayvEXPJ0QXYIZP06zNrJlzfzkQ/,
PARTNERED VENDORS,TIER 2 - Preferred Partner,"W/kitchen
they dont hold  big wedding
just 60 to 70 guests 
they have accomodation 
they have outdoor and indoor space
beautiful events ",Shelburn Spring ,Toni,"904 Mohawk Trail, Shelburne Falls, MA 01370, United States","1HR 8 ,MINS


",yes,"March 28,2025",,Yes,,2 events ,,,https://app.close.com/lead/lead_5kRSyTGu18PtSvlTCUpGupvb7JTknLVola9CnUES8AK/,https://www.facebook.com/BACFITCH/
COMPLETED 2 EVENTS,TIER 1-Connected Partner,further research ,Stone Garden,Toni,"10254 River Road         Westmoreland, NH 03467        ",,,6/28/2025,,,,2 events done,,,https://app.close.com/lead/lead_uc2XQjtJFO4I9P0dMfTwVNnWH0johljtq1NTQvmcWmJ/,
COMPLETED MORE THAN 3 EVENTS,TIER 1-Connected Partner,"they have bar
indoor/ inside plaza
good people couple running it
we can drop off thing ahead of time they are flexible 
venue , no accomodation 
can accomodate up to 150 guests 
they have a good space for kitchen only have limited kitchen equipment 
recommend: wedding, corporate event, networking , birthday 

",The White Room,Toni," Lower Level, 138 Green St, Worcester, MA 01604",,,"April, 2024",,no,,3 events done ,,,,
COMPLETED MORE THAN 3 EVENTS,TIER 2 - Preferred Partner,"no bar 
no accomodation  only venue
no space to cook  they are inside a plaza so this is indoor  
good for birthday, networking, corporate event 
price point: range: 1200 to 2500 depending on the day 
100 guests only 
 ( we need to check if need a licensing permit ) 
 this is  very far  so drop off ahead of time is not  recommended

",Versailles,Toni,"262 Swansea Mall Dr. Swansea, MA 02777",,Yes,Feb 28th,,Yes,,6 events done,,yes,,https://wingatecompanies.com/communities/carter-school/
,,, ,,"360 Foley St, Somerville, MA 02145",,,,,,,,,,,https://officialcampkiwanee.com/
COMPLETED 1 EVENT,,,782Wrentham,,"782 South St. Wrentham,  Wrentham, MA 02093",,,,,,,One event done. We do allow outside catering and bar service.,,,https://app.close.com/lead/lead_KzyOrHFg4Sb0pPINT3bSWX7OY2EOQkEi4zyGzhVSAv1/,https://www.charlesrivermuseum.org/
COMPLETED 1 EVENT,,,Archers Artemis,,"10 Industrial Way, Amesbury, MA 01913, USA",,,,,,,1 event complete,,,https://app.close.com/leads/save_CcVzMI6s2oLybrJBIT3RIEEpl3libnGlb1ojbHwvrYt/share_2F2Pkl3Gc5lRzqRDIda9LG/,"Camp Robindel Facilities, Girls Summer Camp in New Hampshire"
COMPLETED 1 EVENT,,,"Barney Carriage House",,"Laurel Hill Rd, Springfield, MA 01108, USA",,,,,,,1 Event done,,,,https://www.jabil.com/
COMPLETED 1 EVENT,,,Big Tech Builders Group,,"833 New West Townsend Rd, Lunenburg",,,,,,,1 event done,,,https://app.close.com/lead/lead_u0bZQRcpn63dnKMFUCnzdwYpqWsduEFEDriPaF6G2k3/,Community Harvest Project
COMPLETED 1 EVENT,,,Bright Future Financial LLC,,"42 Main Street, Suite 3 Leominster, MA 01453",,,,,,,1 event done,,,https://app.close.com/lead/lead_CmpMMMPOVE5JvT4aVbuBDDx0b2ixVZ8vDeNWudOIvAb/,https://www.commandersmansion.com/
COMPLETED 1 EVENT,,,British American Club,,"1 Simonds Rd, Fitchburg, MA 01420",,,,,,,1 event done,,,https://app.close.com/lead/lead_NCn7qxgTOTQ6OO3T0kiv5A9r5GsNOk71gNkQyuTozRs/,http://www.etsequipmentrental.com
COMPLETED 1 EVENT,,,Brolin Winning (Shelburne Springs),,"360 Foley St, Somerville, MA 02145",,,11/9/2024,,,,1 event done ,,,,https://www.franchescasatwaterplace.com/
COMPLETED 1 EVENT,,,Camp Kiwanee,,"460 Indian Head St, Hanson, MA 02341",,no ,,,,,1 event done ,,,https://app.close.com/lead/lead_YWG6Is9jOtljSZjJo9BSTIuCJClgHJZKGFPqOKHVQQv/,
COMPLETED 1 EVENT,,,Camp Robindel,,"81 Geneva Point Rd, Moultonborough, NH 03254",, ,"Upcoming : August 23, Mollie Dignan",,no ,,"They have a good dining hall next to the lake, they have a chef, but we have not contacted them yet 
",,,https://app.close.com/lead/lead_O3r3LEAiGd7ZHC5jX4BtNcNsVb31R2JpMVLOWQhunZB/,
COMPLETED 1 EVENT,,,Carter School Apartments,,"261 West St, Leominster, MA 01453",,,,,,,1 event done,,,https://app.close.com/lead/lead_Xjz4He1QdLjPV9cQs3uxAzv9cepnENNlpTc3wEnhtla/,https://www.fivebridgeinn.com/
COMPLETED 1 EVENT,,,Centro Night Club,,"56 Common St,Lawrence, MA 01840 United States",,,"August 31, 2025",,,,1 Event done ,,,,https://www.fernandespainting.com/
COMPLETED 1 EVENT,,,Churchill Barn Wedding & Events  ,,"1 Churchill CT, York, ME 03903",,,"October 18, 2025",,,,1 Event done,,,,https://framinghamhistory.org/
COMPLETED 1 EVENT,,,Clinton & Devens,,"56 Barnum Rd, Harvard, MA 01451",,,,,,,One event done,,,https://app.close.com/lead/lead_jKMJuqhXHaY2ZMaHQ5PVA9oIZyDgfNlqjSZed2C2INk/,https://chcfhc.org/
COMPLETED 1 EVENT,,,Cobb Hill Estate,,"279 Cobb Hill Rd, Harrisville, NH 03450, United States",,,,,,,1 event done,,,,https://fitchburgartmuseum.org/
Have an upcoming event,,,"Community Harvest Project in North Grafton, MA",,"37 Wheeler Rd, North Grafton, MA 01536, United States",,,,,,,upcoming event in 8/8/2026,,,,https://www.hfcu.org/
UPCOMING EVENT,,,Community Harvest Project North Grafton,,"37 Wheeler Rd North Grafton, MA, 01536",,not yet,"Upcoming: June 21, 2025",,no,,,,,"https://app.close.com/lead/lead_cOaGcqXUhrcaU1JMZWbMImpsAFt9ITXnKsfKmLCnqja/, https://app.close.com/lead/lead_bZ4QqygFgy1Ilbo0kQZJrKdM9ocThfv6HuQ6NATYi4B/",
,,,Covenant Presbyterian Church,,"50E Merrimack St., Lowell, MA 01852",,,,,,,event will be on december 28,,,,https://hammondcastle.org/
,,,Crystal Ballroom,,,,,,,,,,,,,https://www.mass.gov/locations/hopkinton-state-park
COMPLETED 1 EVENT,,,Crystal Ballroom ,,"254 Whitman St, East Bridgewater, MA 02333",,,,,,,"1 event done but theres an upcomming in June 6, 2026",,,,
,,,Event Them,,,,,,,,,,,,,
COMPLETED 1 EVENT,,,Evergreen Farm,,"laurel Hill Rd, Springfield, MA 01108, USA",,,"September 27, 2025",,,,1 Event done,,,,
COMPLETED 1 EVENT,,,"Fernandes Painting Group, Inc",,"3 Drury Ln, Wilmington, MA 01887, United States",,,,,,,One event done,,,https://app.close.com/lead/lead_1oiBLTjZBpMebx35dMIuEmoxwusgn2koitzsRELOWpU/,
PARTNERED VENDORS,,,Finnish Center of Saima Park,,"67 Scott Road, Fitchburg, MA",,sent us some referals ,,,yes,,One event done,,,https://app.close.com/lead/lead_4IHQCHW2p6hEC8YkB4MfZd22d4vvuKOjcodxy49rlWl/,
COMPLETED 1 EVENT,,,First Church of God in Christ,,82 snow st. fitchburg ma 01420,,,,,,,One event done,,,https://app.close.com/lead/lead_DFVtxTa7PlXgejIPwTLvFqot8E38lv7CG6CtDfcNu7a/,
COMPLETED 1 EVENT,,,Fitchburg Art Museum,,"185 Elm St, Fitchburg, MA 01420",,,,,,,One event done,,,https://app.close.com/lead/lead_rWalTJ3QPveGWSlRproaO988IPFBqoWxAD3mmrZYv7x/,https://www.julietsomerville.com/
COMPLETED 1 EVENT,,,Fitchburg Community Health Center,,"326 Nichols Road, Fitchburg, MA",,,,,,,One event done,,,https://app.close.com/lead/lead_e37ONGhDITyKxRmxTWNNfYZzTSLI5IxPN6ATt3FNzD8/,
COMPLETED 1 EVENT,,"They have two websites .
The Venue is inside the Framingham History Center ","Framingham History Center  
(Vilalge Hall on the Common) is the actual name of the Hall)",,"3 Oak St, Framingham, MA 01701, United States",,,,,,,"One event done, Outside food allowed",,,https://app.close.com/lead/lead_IxW1kEUsWM8i0XfwlOMoUpRvTN7ohN74QhrVoUXFKDo/,http://www.massbay.edu/
COMPLETED 1 EVENT,,,Franchesca's at Waterplace,,"200 Exchange St, Unit B Providence, RI 02903",,,"August 30, 2025",,,,1 Event done ,,,,https://thecmp.org/cmp-clubs/marlboro-fish-game-association-inc/
COMPLETED 1 EVENT,,"Does NOT have BAR 
indoor/ inside plaza / A LITTLE BIT OF OUTSIDE 
Big company running (property management company) 
Maybe we can drop off thing ahead of time they are kinda flexible(seemed like from last time we talked)  
venue , no accomodation 
can accomodate up to 150 guests 
they have a good space for kitchen only have limited kitchen equipment 
recommend: wedding, corporate event, networking , birthday 


",Garage B Events at The Speedway,Andre,"1420 Soldiers Fld Rd, Boston, MA 02135, United States",,,10/04/2025,,,,1 event done,,,,https://www.nasctf.org/
COMPLETED 1 EVENT,,,,,,,,,,,,,,,,
COMPLETED 1 EVENT,,,New England Carpenter’s Training,,,,,,,,,,,,,https://www.newlifema.com/
COMPLETED 1 EVENT,,,Gardner Elks Lodge,,"31 PARK ST, GARDER MA",,,,,,,1  Event done,,,,
COMPLETED 1 EVENT,,,Granite United Church,,"1 Sandhill Rd	 Salem, NH 03079	",,,"May 31,2025",,,,1 Event done,,,,https://nightshiftbrewing.com/locations/everett-taproom/
PARTNERED VENDORS,,,Grton School Campus _Historic Barn- they are closed already,,"Sunset Farm, 154 Farmers Row, Groton, MA 01450 ",,,"July 26, 2025",,,,1 event done ,,,,https://www.orthsurg.com/?utm_source=GMBSocialClimb&utm_medium=OrthopaedicSurgicalAssociates
COMPLETED 1 EVENT,,,Hanscom Federal Credit Union,,"25 Porter Rd, Littleton, MA 01460, United States",,,,,,,One event done,,,https://app.close.com/lead/lead_DNH2kAglELOs9liQGQsS0IfXpmQmtUWDnP6iRTPOB21/,
COMPLETED 1 EVENT,,,Highligted in yellow- are the venue we are appr0aching on insta,,,,,,,,,,,,,
COMPLETED 1 EVENT,,,Hinterland Hall,,"525 N Main Steet	Lanesborough, MA 01237	",,,"October 13, 2025",,,,1 Event done,,,,https://www.smolakfarms.com/
COMPLETED 1 EVENT,,,Holliston Historical Society,,"547 Washington St, Holliston, MA 01746",,,"June 7, 2025",,,,1 event done ,,,,https://www.arcofopportunity.org/
COMPLETED 1 EVENT,,,Hopkinton State Park,,"164 Cedar St., Hopkinton, MA 01748",,,,,,,One event done,,,https://app.close.com/lead/lead_nmg3eaycskWfeHdDKbcGcnYebJOSAP1X87MtviSXSsA/,https://www.saintanthonyparish.com/
COMPLETED 1 EVENT,,,https://docs.google.com/spreadsheets/d/1og5W4zHNGRrTB46pcqE9G4ZwHtjUPxYphGf85q8Yfaw/edit?gid=0#gid=0,,"1420 Soldiers Field Road, Brighton MA, 02135",,,"March 8, 2025",,,,1 event done ,,,,https://www.marriott.com/search/findHotels.mi?searchType=InCity&destinationAddress.city=Peabody&destinationAddress.stateProvince=Massachusetts&destinationAddress.country=US&marriottBrands=SH&showMore=true&nst=paid&cid=PAI_GLB00050CK_GLE000BLSW_GLF000ONTQ&ppc=ppc&pId=intbppc&ds_rl=1301220&gad_source=1&gbraid=0AAAAADilnidfIepkSzSUDumQfL4NP4x_b&gclid=CjwKCAjw5PK_BhBBEiwAL7GTPar7h7Ke1w2cMOR5c4s8caCqd_A4Tj5f8qKodpfydsJM2guZT2PMmBoCxnUQAvD_BwE&gclsrc=aw.ds&deviceType=desktop-web&view=list#/1/
COMPLETED 1 EVENT,,,Hyla Brook Estate LLC,,"140 Rockingham Rd.Derry, NH 03038	",,,"May 22, 2025",,,,1 Event done,,,,
COMPLETED 1 EVENT,,,Josiah's Meetinghouse,,"521 Calef Hey, Epping , Nh, 03042",,,"August 23, 2025",,,,1 event done,,,,http://www.utzsnacks.com/
COMPLETED 1 EVENT,,,Juliet Social Club,,"257 Washington St, Somerville, MA 02143",,,,,,,One event done,,,,
COMPLETED 2 EVENTS,,,Knight of Columbus,,,,,Will be on JAN 9,,,,2 eventS done,,,"https://app.close.com/lead/lead_Gxm2Jkh842F4RLKqxz5Wo8E2SmcjQSx78FiIsnCNXyo/, https://app.close.com/lead/lead_MRFOXKGZQvtquuHWBRRbYMD7uZzdZtJX3N4Z2XxYozC/",
COMPLETED 1 EVENT,,,Laurel Spring Farm,,"40 Ford Rd Sterling, MA 01564	",,,"October 4, 2025",,,,1 event done ,,,,http://www.thebestclosings.com/
COMPLETED 1 EVENT,,,Laurel Springs Farm,,"17100 Sam Carr Road, Laurelville, OH 43135",,,9/11/2025,,,,1 event done,,,,https://www.thevenuesatthefactory.com/unique-wedding-venue
COMPLETED 1 EVENT,,,Leominster Elks Lodge #1237,,"134 N Main St, Leominster, MA 01453, United States",,,"May 10, 2024",,,,1 event done ,,,,https://sharedestatesproperties.com/en/the-kemble--built-by-a-us-secretary-of-state-in-lenox
,,,Lia Bancroft events,," 731 E 8th St, Boston, MA 02127, United States",,,none yet,,,,,,,,https://www.marriott.com/en-us/hotels/bossv-the-row-hotel-at-assembly-row-autograph-collection/overview/?scid=f2ae0541-1279-4f24-b197-a979c79310b0
COMPLETED 1 EVENT,,,Lilac Hedge Farm,,"216 Wachusett St, Rutland, MA 01543, United States",,,,,,,1 event  next year,,,,https://www.thewhiteroomworcester.com/
COMPLETED 1 EVENT,,,Marlboro Fish & Game Association,,"1 Muddy Ln, Marlborough, MA 01752",,,,,,,One event done,,,https://app.close.com/lead/lead_H9vyB5HWWJdnF8DDV6zszyVCyXscbqLIJvoTXdc8jRF/,https://trentosdisposalandservices.com/
COMPLETED 2 EVENTS,,,Marstons Mills,,"Marstons Mills on Cape Cod, Ma",,,,,,,2 events ,,,https://app.close.com/lead/lead_xq3Q96YLusIfhVLW0qKQ1CrAglRLkNvRbXRkobx0vuU/,
COMPLETED 1 EVENT,,,MassBay Community College,," 50 Oakland St, Wellesley, MA 02481, United States",,,,,,,One event done,,,https://app.close.com/lead/lead_ZMoN4zOo5Sm6Ju6T1sIG0OGdASdGuYU8RZXsu5V8A5b/,https://villagehallonthecommon.org/
,,,Metrowest Painting Services,,"345 West Main St Northborough, MA 01532",,,December 12,,,,"1 EVENT- THIS IS A REDFLAG, WE HAVE A BAD RECORD HERE",,,,https://www.legion.org/
COMPLETED 1 EVENT,,,Misstletoe Acres Tree Farm,,"254 Whitman St, East Bridgewater, MA 02333, United States",,,6/26/2025,,,,1 event done and theres an upcoming event on June,,,,https://www.stmaryorthodoxchurch.org/
,,,Mistletoe Acres Tree Farm,,,,,,,,,,,,,
,,,NewLife Church,,"13 Holman RdMillbury, MA 01527",,,,,,,,,,,https://www.winbrooke.com/contact
,,,Night Shift Brewing in Everett,,"87 Santilli Hwy, Everett, MA 02149, United States",,,,,,,,,,,https://782wrentham.com/
COMPLETED 1 EVENT,,,Oakloam Farm estate,,"80 Lake Rd. Brookfield, MA 01506",,,,,,,1 event done,,,,
COMPLETED 1 EVENT,,,Old town hall ,," 10 Kendall Rd, Tyngsborough, MA 01879	",,,"October 12, 2025",,,,1 event done,,,,
COMPLETED 2 EVENTS,,,Orthopaedic Surgical Associates,,"14 Research Pl, Chelmsford, MA 01863",,,,,museum,,2 events done,,,,
,,,Overbrook House,,"5 Old Head Of The Bay Rd, Buzzards Bay, MA 02532, United States",,,9/10/2026,,,,will have 1 event,,,,
COMPLETED 1 EVENT,,,"PACC - Polish American Citizen Club, Inc. of Webster, MA",,"37 Harris St, Webster, MA 01570, United States",,,"June 21,2025",,,,1 event done,,,,
COMPLETED 1 EVENT,,,Pachaug Cottages,,"1 Neilson Ave, East Bridgewater, MA 02333, United States",,,10/4/2025,,,,1 event done,,,https://app.close.com/lead/lead_UufWdZ8vGP1wfnMrNsPV3b2be2x1hSl2N0ONIE8KPgE/,
COMPLETED 1 EVENT,,,Saint Mary's Orthodox Church,," 37 Harris St, Webster, MA 01570, United States",,no ,"August 24,2024",,no ,,"One event done, Outside food allowed",,,,
COMPLETED 1 EVENT,,,Smolak Farm,,"315 S Bradford St, North Andover, MA 01845, United States",,no ,,,no ,,hotel ,,,https://app.close.com/lead/lead_KOLeZrBIxPZ2PSGmAIigiNQUicXDzx0cxfphSoRUeQn/,https://www.smolakfarms.com/
COMPLETED 1 EVENT,,,Springhill Suites Peabody by Marriot,,"43 Newbury St US 1 North, Peabody, MA 01960, United States",,,"October 25, 2025",,,,1 Event done,,,,
,,,St. Anthony Catholic Church,,"8 Inman St, Cambridge, MA 02139",,,,,,,,,,,
COMPLETED 1 EVENT,,,St. Brendan Church	,,"69 Summit St Jefferson, MA",,,8/3/24,,,,1 event done,,,,https://lowellauditorium.com/
COMPLETED 1 EVENT,,"Big venue 200PPL, THEY NEED BAR,  lot of parking very little  pretty landscaping outdoors, Price point 1-1.5k, has amazing FULL kitchen, venue very easy to work with, flixible, allow drop offs if necessary, could grill outside, no accomodations, they have dumpster we can use, they have church to get married in ,  ",St. Mary's Syriac Orthodox Church        ,Toni,"360 Foley St, Somerville, MA 02145",,,11/9/2024,,,,1 event done,,,,
COMPLETED 1 EVENT,,,St. Theresa's Church,,"400 Cardinal Medeiros Ave, Cambridge, MA 02141",,,,,,,,,,,https://loring-greenough.org/
COMPLETED 1 EVENT,,,The Arc of Opportunity in North Central Massachusetts,,"315 South Bradford Street North Andover, MA 01845",,,,,,,1 event done ,,,,
COMPLETED 1 EVENT,,,Lilac hedge farm,,"216 Wachusett St, Rutland, MA 01543",,,6/21/2025,,,,1 event done,,,,
COMPLETED 1 EVENT,,"absolutely beautiful outside
80-90 ppl 
NO BAR
NOkitchen / very limited area for cooking inside 
grilling outside permited 
$2,500-$4,000
no accomodation 
plenty of parking 
Farmy & Barn feel and vibe ... 
Close by - 35 min away
Small hall ",The Farm at Summit Wynds,,"69 Summit Rd, Holden, MA 01522 ",,,5/10/2025,,,,1 event done,,,,
COMPLETED 1 EVENT,,,The Loring Greenough House,,"315 South Bradford Street	 North Andover, MA",,,6/22/2025,,,,1 event done,,,https://app.close.com/lead/lead_777NSveVk6TEVJcLpzMX0plP05o5bYdQpxKGt1oGanX/,
COMPLETED 1 EVENT,,,The Row Hotel,,,,,7/11/2025,,,,,,,,
COMPLETED 1 EVENT,,,The Row Hotel at Assembly Row,,"577 Main St Suite #105 Hudson, MA 01749",,,,,,,,,,https://app.close.com/lead/lead_Jsjv2NxfQAYHFgP4jNQIpBmBQdZfCEBYQ3bq5oxVq4F/,
COMPLETED 1 EVENT,,,The stationary factory,,"782 South St. Wrentham, MA 02093",,,,,,,One event done. We do allow outside catering and bar service.,,,https://app.close.com/lead/lead_TYLNxvQRa3CpN52fLDixToX26H1l9vh8xMt82glLzQV/,
,,,The Venue at Machines with Magnets,,"156 Hamilton St, Leominster, MA 01453 ",,,,,,,,,,,
,,,Trentos Disposal and Services,,"228 Leominster Rd POB 37, Sterling, MA 01564",,,,,,,I am not sure if we are partners any more ,,,,
,,,UTZ KAYLA LOWE,,"580 Mountain Rd, Jaffrey, NH 03452/////759 Water St Fitchburg Ma, 01420",,,,,,,Permanently closed,,,,
COMPLETED 1 EVENT,,,Venue 727,," THE BARN, 124 Old Farms Rd, Simsbury, CT 06070",,,6/29/2025,,,,1 event done ,,,,
COMPLETED 1 EVENT,,,War Memorial Building,,"50 Woods Rd, Westminster, MA 01473",,,9/27/25,,,,1 Event done,,,,
COMPLETED 1 EVENT,,,Wildwood Farm LCC,,"2 Oak St, Framingham, MA 01701",,,,,,,,,,,
,,,Winbrooke,,"8 Church St Shirley, MA 01464",,,,,,,,,,https://app.close.com/lead/lead_PAduuYpMfsyR0rsXB6uVGeNe8Mjwvb7sEnyurpNfb67/,
,,,Working man Distillers,,"279 Cobb Hill Rd, Harrisville, NH 03450, United States",,,10/13/2026,,,,upcoming event in 10/13/2026,,,,